{
    "0": {
        "idx": 0,
        "solver": "ode",
        "dx": 1,
        "nx": 7,
        "dt": 0.0001,
        "nt": 19,
        "order": 1,
        "bcs": {
            "left": "DBC",
            "right": "DBC"
        },
        "mu": [
            10000000000.0,
            10000000000.0,
            12009618943.23342,
            17500000000.000004,
            25000000000.0,
            32500000000.0,
            37990381056.76659,
            40000000000.0
        ],
        "rho": [
            2000.0,
            2133.974596215561,
            2500.0,
            3000.0,
            3500.0,
            3866.025403784439,
            4000.0
        ],
        "u": [
            0.0,
            0.0,
            0.0,
            0.0,
            1.0,
            0.0,
            0.0
        ],
        "v": [
            0.0,
            0.0,
            0.0,
            0.0,
            0.0,
            0.0,
            0.0
        ],
        "backend": {
            "shots": 1000,
            "optimization": 3,
            "resilience": 1
        }
    },
    "1": {
        "idx": 1,
        "solver": "local",
        "dx": 1,
        "nx": 7,
        "dt": 0.0001,
        "nt": 19,
        "order": 1,
        "bcs": {
            "left": "DBC",
            "right": "DBC"
        },
        "mu": [
            10000000000.0,
            10000000000.0,
            12009618943.23342,
            17500000000.000004,
            25000000000.0,
            32500000000.0,
            37990381056.76659,
            40000000000.0
        ],
        "rho": [
            2000.0,
            2133.974596215561,
            2500.0,
            3000.0,
            3500.0,
            3866.025403784439,
            4000.0
        ],
        "u": [
            0.0,
            0.0,
            0.0,
            0.0,
            1.0,
            0.0,
            0.0
        ],
        "v": [
            0.0,
            0.0,
            0.0,
            0.0,
            0.0,
            0.0,
            0.0
        ],
        "backend": {
            "shots": 1000,
            "optimization": 3,
            "resilience": 1
        }
    },
    "2": {
        "idx": 2,
        "solver": "cloud",
        "dx": 1,
        "nx": 7,
        "dt": 0.0001,
        "nt": 19,
        "order": 1,
        "bcs": {
            "left": "DBC",
            "right": "DBC"
        },
        "mu": [
            10000000000.0,
            10000000000.0,
            12009618943.23342,
            17500000000.000004,
            25000000000.0,
            32500000000.0,
            37990381056.76659,
            40000000000.0
        ],
        "rho": [
            2000.0,
            2133.974596215561,
            2500.0,
            3000.0,
            3500.0,
            3866.025403784439,
            4000.0
        ],
        "u": [
            0.0,
            0.0,
            0.0,
            0.0,
            1.0,
            0.0,
            0.0
        ],
        "v": [
            0.0,
            0.0,
            0.0,
            0.0,
            0.0,
            0.0,
            0.0
        ],
        "backend": {
            "shots": 1000,
            "optimization": 3,
            "resilience": 1
        }
    }
}